<!DOCTYPE hibernate-configuration PUBLIC
"-//Hibernate/Hibernate Configuration DTD 3.0//EN"
"http://hibernate.sourceforge.net/hibernate-configuration-3.0.dtd">
    
    <hibernate-configuration>
    <session-factory>
    
    <!--  database properties  -->
<property name = "hibernate.connection.driver_ClassName">oracle.jdbc.driver.OracleDriver</property>
<property name = "hibernate.connection.url">jdbc:oracle:thin:@localhost:1521:xe</property>
<property name = "hibernate.connection.username">system</property>
<property name = "hibernate.connection.password">India123</property>

 

<!--  hibernate properties -->
<property name="hbm2ddl.auto">delete</property>
<property name="dialect">org.hibernate.dialect.OracleDialect</property>
<property name="show_sql">true</property>

 

<!--  mapping file -->

 

<mapping resource = "hibernate.hbm.xml"/>
   
    </session-factory>
    </hibernate-configuration>